index,address,token_1,token_0,fee
0,0xFAB99B9bDcD3eAe784595dee64AC97879f9C3179,WETH,1INCH,1
1,0x263f7B865DE80355F91C00dFb975A821Effbea24,AAVE,WETH,5
2,0xDD672b3B768A16b9BcB4eE1060d3e8221435BeAa,AAVE,WETH,30
3,0xA72cd899950C8fB0389a2aCE09a159acA69d3383,AAVE,WETH,100
4,0xC94B16fD4E882fB59517dD63649B13a46d400F61,ALI,WETH,100
5,0x7AfdF59e7E14376C4067b1A0b694A6D3cE6f7143,WETH,APE,30
6,0x5946bb4e2579FE2a0Db5262a20966978bc37c9b0,WETH,APE,100
7,0x89A4026E9aDE251C67b7fb38054931a39936D9C5,ARB,WETH,1
8,0xC6F780497A95e246EB9449f5e4770916DCd6396A,ARB,WETH,5
9,0x92c63d0e701CAAe670C9415d91C474F686298f00,ARB,WETH,30
10,0x92fd143A8FA0C84e016C2765648B9733b0aa519e,ARB,WETH,100
11,0x7bBA5745Cb5A40d8e1a5F88f484e49E31A39B27e,WETH,AXL,100
12,0x990265266B06fff2277BEDe2bcB522CF4fE25146,BADGER,WETH,5
13,0x8Ad86aB4151ecb552527C55825FE0E8dCFC16f64,BADGER,WETH,30
14,0xad6F0c411b75642C700D1231d69c70DeA8c2A7ED,BADGER,WETH,100
15,0x6f7341a7091329E8207EEE04fD6638330BCA2ee3,WETH,BAL,30
16,0x8C15bd3BcE679B7c72374B17679b8DD2Da91a9a9,WETH,BAL,100
17,0x8144130dA0c9eEa4605B9AE51142DB40a255E71A,BLUR,WETH,5
18,0x26F13e104C2F2796AeF0f73A61121C6fc105cD66,BLUR,WETH,30
19,0x1d9567Ffc546B280A1CcDfB25A0fbeD053e0845E,BLUR,WETH,100
20,0x6217bA634d38b31765A1C40D331a4BD52995727e,WETH,BUSD,5
21,0xb454Cf61d07BBE44fD5D7793B2E8b6094495fF6a,WETH,CBETH,1
22,0x2C936Dd9D2D7c58C565F70F2320E96Ad8f7eF8C2,WETH,CBETH,5
23,0xEd3fE08bd12F24dad0f1a1E58610644dEbe374fb,WETH,CBETH,30
24,0x4d71A211F05f77fdd2C3abB96D5162b13Ff6aDD5,WETH,CELR,5
25,0xfA5738670cFAd9745a58305101c6Fa9c4E42e615,WETH,CELR,30
26,0xDfA19e743421C394d904f5a113121c2227d2364b,WETH,COMP,30
27,0x642E621DC9a68A3165557B58d56abdC5444faCB3,WETH,COMP,100
28,0x14Cc036360C896c20Bc816A2a7aA514bC843766f,WETH,CRV,5
29,0xa95b0F5a65a769d82AB4F3e82842E45B8bbAf101,WETH,CRV,30
30,0xBA80CEdE54Bf09f8160F7d6AD4a9d6ae3a9852d9,WETH,CRV,100
31,0x9fCc9B2064Ede541872F38F749c420F88d400C14,WETH,CTSI,1
32,0xca8a34f6a3AB653955e0CA46C99c16d9439650FC,WETH,CTSI,5
33,0x4c7179515773F8c9DBf6689aDd4fB20035eBE41a,WETH,CTSI,30
34,0x7A9C9d15d7DCd22d0a273EC1a8be75aB4663E994,WETH,CTSI,100
35,0x19b9a2138868bA09f980e781a80Ff9B7390dbe7F,CVX,WETH,100
36,0x0779450b087a86C40E074aC00a65Eabe1Cbc0f87,DAI,WETH,1
37,0x31Fa55e03bAD93C7f8AFfdd2eC616EbFde246001,DAI,WETH,5
38,0xA961F0473dA4864C5eD28e00FcC53a3AAb056c1b,DAI,WETH,30
39,0x2E630136c42BC72f1285743347ba77A75077aff4,DAI,WETH,100
40,0x451597F63361f069315643c3EAD9c0311a183C16,WETH,DYDX,100
41,0x005377Dbf6dd39f05896081f366f3A2999A1168C,ENS,WETH,30
42,0x3263b056c74eB3F47a981771a0b384Ebe7A00ff7,ENS,WETH,100
43,0x5DB0510ca69a3743987749cc1002A17Cb048c12e,EUROC,WETH,5
44,0xb25D371bD54731eE82dB258d87152070857466B0,EUROC,WETH,30
45,0x04b198fCA73079D7e91504AfacAD13de8E217107,FXS,WETH,30
46,0xC465DdAD2e49C519bae75079885ACaC41b46E545,FXS,WETH,100
47,0x5e609d174Eedb5ccb42d290A3bA37b56C4cfCB41,GMX,WETH,1
48,0xb435ebfE0BF4CE66810AA4d44e3a5CA875D40DB1,GMX,WETH,5
49,0x1aEEdD3727A6431b8F070C0aFaA81Cc74f273882,GMX,WETH,30
50,0x80A9ae39310abf666A87C743d6ebBD0E8C42158E,GMX,WETH,100
51,0xf3430A5a8EbDB5b89Dc3727EdF44326a2a0639B8,GNO,WETH,30
52,0x41af547292CE7128bC945fCb8c17357c8480DFC6,GNO,WETH,100
53,0x74d0Ae8B8e1fCA6039707564704a25aD2ee036B0,GRT,WETH,30
54,0xF782cd5748BfC21d30b03174BB3E30FDd111a897,GRT,WETH,100
55,0xE4Cd69C5F4bc7803b2Fb745C984446b935b54249,WETH,LDO,5
56,0x52F9d14Bed8Ce6536dA063aaf274Ae2747ef4853,WETH,LDO,30
57,0x25aB7DC4dDcACB6fE75694904db27602175245f1,WETH,LDO,100
58,0x91308bC9Ce8Ca2db82aA30C65619856cC939d907,LINK,WETH,5
59,0x468b88941e7Cc0B88c1869d68ab6b570bCEF62Ff,LINK,WETH,30
60,0x22127577D772c4098c160B49a8e5caE3012C5824,LINK,WETH,100
61,0x56e24bf94B601d01A12fF9086EF38783F468439B,WETH,LPT,5
62,0x4fD47e5102DFBF95541F64ED6FE13d4eD26D2546,WETH,LPT,30
63,0x270B27F18deaF0f851a9555d078e780f036a45Ce,WETH,LPT,100
64,0x59d880faED02F89B36314d49ac964FD3c7C692A4,LQTY,WETH,30
65,0x47c31C8b38f33aDF886A9228C4c326DF8F430614,WETH,LRC,30
66,0xBD872AAE38f8f7E907e7903a0f072818Ac6e275E,LUSD,WETH,1
67,0x2bcfb04E64CACFAcD2EA9c1Db76a0cA999bcB65a,LUSD,WETH,5
68,0x4B4F821d0AC2D9b3230609e954158C83FA4283f1,LUSD,WETH,30
69,0x48cf9701f2f77ee93494D94D2D4c20C2Fc18F51d,LUSD,WETH,100
70,0x82491d591c8915d21b411bCd679C6eD4c2702C2c,MATH,WETH,30
71,0xf97e65315f47D3B188D496692eC95d980467509e,MATH,WETH,100
72,0x8F3dDf8b5b5aDB13F647EfCCb34DbE2ef1104f6A,WETH,MATIC,5
73,0x37Af2c75A71f90e4E289a5eE56C13111bf4ddFf4,WETH,MATIC,30
74,0x522DdAEfe158324E9Cea314a7F4E0BfDef8af199,WETH,MATIC,100
75,0xf327cb42c771D6Aa361b1e417E5759330bd55721,WETH,MKR,30
76,0x568b6e64D9cC7E323fCf27bd7d58ed9c452a60df,WETH,MKR,100
77,0x8B2199a7577e6D588421553Ee002A324130CCe32,OCEAN,WETH,5
78,0x8E905D2982F25761dBE05150F918671817Ecdaeb,OCEAN,WETH,30
79,0x1e35dd8af886DFC62dAfE63fa6c43DAfDf518Bb5,OCEAN,WETH,100
80,0x0CC2aBcCe8482Dc78BB93430bD70DcCFE0a1b295,PAXG,WETH,30
81,0x81c752c340259D9D2C663dF2cF4eE6d5344C6650,PAXG,WETH,100
82,0xDEf325044F0413018245f9AC8d6263083C6DE48f,WETH,PEPE,30
83,0x558CbA67Bd9d7e4D87E52587303f75Cece4c2849,WETH,PEPE,100
84,0x6e10F07D945CCC3FECDcD60C651B83A815f6b5Ae,POND,WETH,100
85,0xC0Fcceb9b5C5cBf8ab8A14F09bCaD5d0301Bbe5E,WETH,POWR,30
86,0x5C2727E1d935711Db890F656E4b5E913d2CDE083,QNT,WETH,100
87,0xfA43f239694fCCa4Af26AB42645C8Be3bdA95909,RAI,WETH,5
88,0x36F025251EB65e8b3403ef57c709862B45EAC3E7,RAI,WETH,30
89,0xA2aB9d2B1B8EFA8c41DA511AC3E0AB94DF59411E,RAI,WETH,100
90,0x2623F6Cd50833408a8C8b8Ad57E11A7CAB3926bD,RGT,WETH,30
91,0xFF42eDfe9291ed32981133c1614f82A56bf67A51,SAND,WETH,100
92,0xBA575365bf122cAEB073093968c17376eeA59BC1,WETH,SNT,30
93,0x1127a23D43c7C29869b562A94da9f8ff5bFC6667,SNX,WETH,5
94,0x7efa7C2d9082EA73fC6457CA0a7AE62C69E1AB81,SNX,WETH,30
95,0x84215194909907C794Ee28516b973361B574C899,SNX,WETH,100
96,0xA9778a2fC5966C297ad034ee211083081f1a12C5,SOCKS,WETH,100
97,0x00822BA38A39b79cbC5b7f62BA1A6886A45F9e4c,SOL,WETH,5
98,0xAdaDD7137d70d0AFb3d5D05D75bBdF959F9EaA6a,WETH,SPELL,5
99,0x02643eA06e160344dD670dA34AFDab165208e80f,WETH,SPELL,30
100,0x5BBa769e9e1FEF856aF8C2717182FCA1FE6d0157,WETH,SPELL,100
101,0x2Fe69fc0383cA71f5D76C4C858540cb2be2E10Be,STG,WETH,30
102,0xBF42Aa53203c1c9743c2F222553302A55df13C7A,STORJ,WETH,100
103,0x116Ee81AD059774366EC4512d3Db766f5895b548,SUSD,WETH,5
104,0x8C4dDA5cF930D81E1Cae8FFCB45177E93041A67A,SUSHI,WETH,1
105,0x19B7b895e534EB8991d00E0bF6c0785c829445b9,SUSHI,WETH,5
106,0xEB79e6aBFb3DCf64DA8B0967C3C61fdf57E84542,SUSHI,WETH,30
107,0x44CB63F1474Ac259D0CDeCdC87321c4D335424E5,SUSHI,WETH,100
108,0x6e2ed95ca823a76C1A13E98361E33FAC1Bd91449,WETH,SYN,100
109,0xB5b29C460a215a962957fEF6C1B89EAd679669d3,WETH,T,100
110,0x0b59edD1f6DEa7B58eb0B2919Cb194C24C2d26b4,WETH,TBTC,5
111,0xad08DFAde6300AF92299aE8f7dc0658bbAD5A547,WETH,TBTC,30
112,0x7548B19F14866fF4aEF1057d826A0Cf1f9022051,UMA,WETH,30
113,0x25857f9150515696a97687Ebec20601139AD4FA1,UNI,WETH,1
114,0xff96D42dc8E2700ABAb1f1F82Ecf699caA1a2056,UNI,WETH,5
115,0xC24f7d8E51A64dc1238880BD00bb961D54cbeb29,UNI,WETH,30
116,0x929fcf81102c5577243Ee614c2c455ACd6681F1A,UNI,WETH,100
117,0x6f38e884725a116C9C7fBF208e79FE8828a2595F,USDC,WETH,1
118,0xC6962004f452bE9203591991D15f6b388e09E8D0,USDC,WETH,5
119,0xc473e2aEE3441BF9240Be85eb122aBB059A3B57c,USDC,WETH,30
120,0x42FC852A750BA93D5bf772ecdc857e87a86403a9,USDC,WETH,100
121,0xE754841B77C874135caCA3386676e886459c2d61,USDC.E,WETH,1
122,0xC31E54c7a869B9FcBEcc14363CF510d1c41fa443,USDC.E,WETH,5
123,0x17c14D2c404D167802b16C450d3c99F88F2c4F4d,USDC.E,WETH,30
124,0x7e5E4a3F855f19cC1a45b9eFF1c8B2419036CE85,USDC.E,WETH,100
125,0x42161084d0672e1d3F26a9B53E653bE2084ff19C,USDT,WETH,1
126,0x641C00A822e8b671738d32a431a4Fb6074E5c79d,USDT,WETH,5
127,0xc82819F72A9e77E2c0c3A69B3196478f44303cf4,USDT,WETH,30
128,0x58039203442C9F2A45D5536bd021a383C7f3035C,USDT,WETH,100
129,0xbEdFF6Ed023029a44Ab8515376813724e09707cD,WETH,WAMPL,30
130,0x03a3bE7Ab4aa263D42d63B6CC594F4fb3D3F3951,WETH,WBTC,1
131,0x2f5e87C9312fa29aed5c179E456625D79015299c,WETH,WBTC,5
132,0x149e36E72726e0BceA5c59d40df2c43F60f5A22D,WETH,WBTC,30
133,0x99dFc0126ED31E0169fc32dB6B89adF9FeE9a77e,WETH,WBTC,100
134,0x7367E796C517F3098e8E6Cd283A58D3cE3f109aD,YFI,WETH,30
135,0x6bd22849Fb65D1E4B1F7d8C72E42e55861e1aD7D,YFI,WETH,100
136,0xB83e48e8389a2584F135b92eBdCd580824fa7b21,WETH,RDNT,1
137,0xffcC52A041f443D336B07c6532debd67dE442582,WETH,RDNT,5
138,0x446BF9748B4eA044dd759d9B9311C70491dF8F29,WETH,RDNT,30
139,0xA8BA5F3cCfB8d2B7f4225E371Cde11871E088933,WETH,RDNT,100
140,0x3a427cFf84917fB3449b4059632459921EA23403,WETH,MAGIC,1
141,0xF44f17A6Fc5D2f0Ad1FF47e682570fa5A8eb9050,WETH,MAGIC,5
142,0x59D72DDB29Da32847A4665d08ffc8464A7185FAE,WETH,MAGIC,30
143,0x7e7FB3CCEcA5F2ac952eDF221fd2a9f62E411980,WETH,MAGIC,100
144,0xD43287703Db1d98F4F8F4F9ab97CFD59d509fb50,WETH,PENDLE,1
145,0xB08a8794A5D3cCCA3725D92964696858d3201909,WETH,PENDLE,5
146,0xdbaeB7f0DFe3a0AAFD798CCECB5b22E708f7852c,WETH,PENDLE,30
147,0xe8629b6A488F366D27DAd801D1b5B445199e2Ada,WETH,PENDLE,100
148,0xEB5c46a004Dbd8b6c9cEae8ee8e95D6F417cCd82,AGEUR,WETH,30
149,0x1957e16b0a534C1994E7ef48044CB9376A30E674,AGEUR,WETH,100
150,0x33946ebb43Ab295d0595f7d6E70748e468e4AC8d,WETH,GNS,1
151,0xfF33C0E8Fe0957A8EA7F79A1A581cB9c6Fb82f8A,WETH,GNS,5
152,0xC91B7b39BBB2c733f0e7459348FD0c80259c8471,WETH,GNS,30
153,0xfB30135d5bDe908b88E5422baa6093065304D98b,WETH,GNS,100
154,0x928653F143940Db34214EAA64A7932a357E2982A,WETH,EMP,30
155,0x0AD1e922e764dF5AB6D636F5D21Ecc2e41E827f0,WETH,EMP,100
156,0x23B3a0f156964c2fd1978c99D4E14537f0496b0C,HMX,WETH,1
157,0x57f2C82fA26cd098BC87d87d365d3b90e93760f9,HMX,WETH,5
158,0x05bbaAA020Ff6BeA107a9A1e06d2fEB7BFD79Ed2,HMX,WETH,30
159,0x5978118e0455B5dDf8868E1272d6a21F33C5190c,HMX,WETH,100
160,0xeAb334f32648141b718ab12C820A556F72bCb7D1,WETH,FUC,1
161,0xd86bdaFB4Fa3c0A6CE77A67252d865BAA55b12b9,WETH,FUC,30
162,0x0B0E4187519e0597858a0026Edc7300ff3A39a4C,WETH,FUC,100
163,0x693598C32A5CDe2273e18a940c173437E5128343,WETH,HDN,30
164,0x862434dB202E0BE98Ec389Ad60c9bf8A74AE3a65,WETH,HDN,100
165,0xDCC3AC7668d46f44434BF1ffe57A37e25cA3aCf3,WETH,MCB,30
166,0x3788156ac53b52b5178c78eAE873aBA4e2cCB4e6,WETH,MCB,100
167,0x4d834a9b910E6392460eBcfB59F8EEf27D5c19Ff,WETH,PREMIA,30
168,0x4b220d875a5951244896B2F3D7f1545b2A3d0D5f,WETH,PREMIA,100
169,0x5E9Bf7B6d24414229175d08feF79C69619Bfc80d,ARCHI,WETH,5
170,0x1b4A3f6Ad0B7254E373F47a3e442EeA60Af693FC,ARCHI,WETH,30
171,0x4C94fe5A8098F8107D1Fb7d73298d307F2BCC13B,ARCHI,WETH,100
172,0xBeD440e703f648823F25D5f76346B96B70bA148c,AZVT,WETH,30
173,0x3F31966445d4aDFAE219FD34771C13c6bA2e38E8,AZVT,WETH,100
174,0x9Da89fe4e9Ac00C8fB2ACC9A11895369123f5C17,WETH,IGS,1
175,0x92f4Fd0e7BefEf4Ae88a635564bAd9b82C5b20be,WETH,IGS,30
176,0xC7A8dFE31A222E85704a8D6dF03a0602F61EDd7d,KNC,WETH,100
177,0xCA60Ec3F0C7e3B376bD36C4D6bCD016522F9eDC1,WETH,JOE,5
178,0x786c8A25C9a480cdedf3BBb4c3576466BDE92ea1,WETH,JOE,30
179,0x809e6D99967164f4e212bf96953712F609E1E22b,WETH,JOE,100
180,0x1087a3254c35A7809CD6112422EA195ECDa6E993,WETH,DODO,30
181,0xe01F2E785a2947eb1E81b6ffd56E765bBF06d80c,WETH,CAKE,100
182,0x26654aB917A904D2176948954a51C13fB8445d13,WETH,VELA,5
183,0x0cE541eAC2aDf14C8EEeB36D588A5DB21Df9e6C6,WETH,VELA,30
184,0xce0c908039fdd8eAC210e9B6D17ec9003bD83B0e,WETH,VELA,100
185,0x68c6D75303382b3e3AdC72090a7A92C42b2eD9f7,WETH,GRAIL,5
186,0x2dac928547e9e16911AeE5a5eBd6D9EE545A42dc,WETH,GRAIL,30
187,0x7244BCf6226077c393B7c98c0CeC6C8C3cE9427e,WETH,GRAIL,100
188,0x0abAFD5D73D932E6f75Def9d847F1401B25c8b65,WETH,LON,100
189,0xe3466d556A89AdC56D6DB0b9f0610eD747226Ddd,WETH,HEGIC,1
190,0x1DFc1054E0e2A10E33C9ca21aaD5AA8A1cCe91e3,WETH,HEGIC,5
191,0x6186D66d62fCBF7facB2122627Ab51F8E1AFDbEF,WETH,HEGIC,30
192,0x07bDCFDe3593010B33aeF9A9C8cc0962ace614C5,WETH,HEGIC,100
193,0x112e05d5b51Cd21006872f469CDA427Cd0e36e5D,WETH,SPA,30
194,0xc94560e81cE1a78b2A5f686a9a913e8560c00234,WETH,SPA,100
195,0x5aeB073159654d25F53122915718e267bCeCDfF1,WETH,ALCX,100
196,0x724661f26Fd3Ad6F2Ba53B9931E594896c706570,FUSE,WETH,100
197,0x30d21cbc75C3d8Aad30D0d80030c9CDdFE60933f,LVL,WETH,5
198,0xAe01742c60bEE26186fc1dDC11fCB041C3472E07,LVL,WETH,30
199,0xCeCd7FE53bEFA0CAC5532fFe5e9C26f308E64775,LVL,WETH,100
200,0xC1b10eA60dCBa8D0Ebd4985347282AcB22306E88,MGP,WETH,100
201,0x66026394F4526c460AbC8e112c8a230c84FaF710,USDC.E,1INCH,1
202,0x5a2B8DC0eaE54A23C263E17E085169415757Dc05,AAVE,ARB,30
203,0x7F6BAE32b47B44F7d3eB5d5F8d8Ce33434586B84,DAI,AAVE,30
204,0x4cF93aD26DB4E1e5593e11F49B318780389a471b,LINK,AAVE,30
205,0x16062F8871dA1b53Dc990EBC6765868ddcE1e5bE,UNI,AAVE,30
206,0x8F31cfCeAeEb429126b2DAe75D131a1195d2E163,AAVE,USDC,5
207,0x3Db70832F48F8c01ee041671f7BB1cfaA2677584,AAVE,USDC,30
208,0x30Dec55B51d7DAdF1ac568809Ea0bb079D435E85,AAVE,USDC,100
209,0x6409bD4e9Fe975dc7E31200380FE9de00aa35eC7,USDC.E,AAVE,30
210,0x32CFBAf7f1B030c1864bE53E40c56215d2761134,USDT,AAVE,5
211,0x49768b215014faC2C66680B03045fe32936b21e6,USDT,AAVE,30
212,0xd7f75785B6B3f7Ac01A98251b3174DEa969055ef,USDT,AAVE,100
213,0x9Dd5c384EC597D35a15469c18eB333CedFFedC3a,AAVE,WBTC,5
214,0x70EfbDcb541dc90e91C53096fBD087F80f67baE8,USDT,ALI,100
215,0xf6ec791F76328043D5e839783D32ad2491523050,DAI,ANKR,30
216,0x5A96d0218144904E7DaC9AA2712Ea1C54dF44A56,BADGER,APE,30
217,0xa7C20e531dFaEAa04334bD78b4602c8C103c3FB2,USDC,APE,30
218,0x6Bbeb14Afd8ab83AeF635cA98bC72773db1b8EE4,USDC.E,APE,100
219,0x7bD8cE8846c04cE0cB01724549D5Bb97d643D6CA,USDT,APE,5
220,0x8BcB2774112643D998ba72FF8AD363d99239BC2D,APE,MAGIC,100
221,0xC0877738946e8553215baCC0648F03bB89620Cd4,ARB,BUSD,100
222,0x5C13E7Eb0A26cA0C088Bd5B53439b062F4136C68,ARB,CRV,30
223,0x642BC6C3534E401fc6ba9Ac8B1B59f566EcA52e1,ARB,CRV,100
224,0x254026B59805235f73cd8c388CC886614D2cE78D,DAI,ARB,1
225,0x1001Dd6DD96a89771Eb268929a583c8c1aC924bA,DAI,ARB,5
226,0xC051405EdeF0E64eBfc501cFe1158Eb0D74F3208,DAI,ARB,30
227,0x7F457e25a92bAd1AeeCF2250A4ff80135F4e35c1,DAI,ARB,100
228,0x0D1E3e09771eD01a4d554aDd165f280eE2AAE17C,GMX,ARB,5
229,0x6fA169623Cef8245f7C5e457f994686eF8E8bF68,GMX,ARB,30
230,0xdb3D8a8eB6a3546160C60d907DDf60057a07b1fF,GMX,ARB,100
231,0x4Da74a33A04551554f6405619DC4e7b71E3E8C9b,GRT,ARB,30
232,0x0C26bE43A867e80E8E4b601Ae08DDDF1A93c1b9F,GRT,ARB,100
233,0x741aD3B0373c821d5c3db8753775a2C27cBDa1d6,ARB,LDO,5
234,0xA4A3Cd24E1f52D8075715e6F54d15f10BC8f2c1A,ARB,LDO,30
235,0x8b6149aF984140BD3F8e158CcDCD05984a4ad0f5,LINK,ARB,30
236,0x9025CeA765d103943AbB3B333595d0328e8Dd77C,LINK,ARB,100
237,0xd35D20BeBE632CA170d38aA1aeF57f9e502B79bA,LUSD,ARB,5
238,0x959779DF219C985CD21cdFE9A996a540Ea4F81a5,LUSD,ARB,100
239,0xd6104C77F6C893d3319Ece48e4ad6B524f24186a,ARB,MATIC,5
240,0xe8c329E76aEBbF34c1524459286619385f3b72C3,ARB,MATIC,30
241,0x569d1881343ECA7F774193578EbF3f80A9a7d5f5,ARB,MATIC,100
242,0xf2A882590Dc68E4a32B19e4a08cd6f10dDa7DfB4,SUSHI,ARB,100
243,0x46f3dE695F71960dcE58269c82FC59b222a76000,UNI,ARB,5
244,0x2038eEAa7100E08739352a37Ed67852E8529E8ED,UNI,ARB,100
245,0x616a2a065bFE53DA48e83E7d709fB428AA3C9F5B,USDC,ARB,1
246,0xb0f6cA40411360c03d41C5fFc5F179b8403CdcF8,USDC,ARB,5
247,0xaEBDcA1Bc8d89177EbE2308d62af5e74885DcCc3,USDC,ARB,30
248,0xAC9a19E85A49BACc28Bd2DeeCab3cdfADBFc3e00,USDC,ARB,100
249,0x855A24f58eB3bA4AF6bFbD77173371Ef9369a66B,USDC.E,ARB,1
250,0xcDa53B1F66614552F834cEeF361A8D12a0B8DaD8,USDC.E,ARB,5
251,0x81c48D31365e6B526f6BBadC5c9aaFd822134863,USDC.E,ARB,30
252,0xa8328bF492Ba1B77aD6381B3F7567D942b000baf,USDC.E,ARB,100
253,0xdB9F3540955B3c5Df246Dba83b96727Fcb3424A1,USDT,ARB,1
254,0xB791Ad21ba45C76629003b4A2f04c0d544406e37,USDT,ARB,5
255,0x97bca422Ec0Ee4851F2110eA743C1cd0a14835a1,USDT,ARB,30
256,0x80151aAe63b24A7e1837Fe578FB6bE026ae8AbBA,USDT,ARB,100
257,0x689C96ceAb93f5E131631D225D75DeA3fD37747E,ARB,WBTC,30
258,0x12c796F54C13183ED00e394036509349126F3A07,ARB,WBTC,100
259,0xE38216AadAdE48D132B92B4C7CF524d2F25a1F30,ARB,RDNT,100
260,0xBd9a2124F233718EE12ac4A3695624dee9F2E9F7,ARB,MAGIC,30
261,0xbb4b9eDcC740BfE6c3526F93d4c5E692cF57B846,ARB,MAGIC,100
262,0xbcD7fc8c5c840A4d9192eB8b6fa7BAAD770e040c,ARB,PENDLE,100
263,0x522B0b776f34dc3c762F0E74832F046A24491b6b,ARB,GNS,100
264,0x82F223c5F64D892785E7a5d11470ffA81eBcE614,ARB,MCB,30
265,0xba2ec06a52acb091b83eFEF261B10876eb0BaCEc,ARB,MCB,100
266,0xd7075e9906A4712C0E84af6e9C636F74E681EFc9,KNC,ARB,1
267,0xC358c49BB76E4B25FA99F198339b81D3970dFaFC,ARB,JOE,30
268,0x8529e5Fb7a28290b3AD5D8c310AC5a47E8B7829A,ARB,JOE,100
269,0x03dC361cA4CD37AF5918DaB1f08c042Ae25035ac,ARB,VELA,100
270,0xBFab133e05bF7291d75E1c852ED9Aca510Ee4fdc,ARB,GRAIL,100
271,0xbe900b9aCa6098f4D02b195125FC95FF2c1d1E6e,ARB,HEGIC,1
272,0x97BF6aCcacc6394158C436C624754c065FD0aDDB,ARB,HEGIC,5
273,0x76827b2F8bE9ca272b811Ed86a010e0F60243387,USDC,AXL,100
274,0x8A190fF019Cf6f3e23daD67CA5B081160Ba218B7,USDC.E,AXL,100
275,0x3d702Bf749B0aF563b8fbE194c99252894d4FE2d,USDT,AXL,30
276,0xADC8d91A17d8990684B67B6E96ecFdC4330b0a57,USDC.E,BADGER,100
277,0x293ff56de9f8bbe5F0960E58ba17BD95e4469807,USDT,BADGER,30
278,0x7F611A6Da79Af2a71ff0F371EC648Ca4c98091f3,USDT,BADGER,100
279,0x3bd89932666Ea8711602cEeF03CD46A9Ab5cF06a,DAI,BAL,100
280,0xCD4f949e92b6338523332425a908B31549C3855d,LINK,BAL,30
281,0xEeD664b348d4FF5B3FC996BB86E0Da9b0638e95E,SPELL,BAL,5
282,0x32daF1Db1072DBede6ab6a4D7344c3f64eb28Dde,USDC,BAL,30
283,0xD89dE6D0aCF232d0A936B5Df8040583bFd8AAa32,USDC,BAL,100
284,0x4eCBc437911DcE221B5f885813cAA2C93ca64094,USDC.E,BAL,100
285,0x9437346230Be303Ff105CaEDAcA72Ea38b8B58C6,USDT,BAL,5
286,0x0D8304c50D2670943E42EE98f8F28706c77bC668,USDC.E,BLUR,30
287,0x3C785DCaa3CEA68Dd29dE6c7F5769Cc102b71109,USDT,BOND,30
288,0x71c19a174E9920149261cb7B3157d726D1CD335D,UNI,CELR,30
289,0x5eB9Fe3F091B880108cbdcC9e391721BCe3e13f2,USDC.E,CELR,30
290,0xAE7c4F3750d2059BEEd9Bf6C9f9c2B78D869dB05,USDC.E,CELR,100
291,0x38ABeb158260155dE7177E62ddeF9Bc2CCe1D1DD,CELR,WBTC,30
292,0xc865E0F82e0723aFcA98B5e1d89D7531A643Dd69,DAI,COMP,100
293,0x2fFC817BffaCA4f167D5073D112a9AbAD24D4Ed4,USDC,COMP,100
294,0x347BF89A7df6658943D42b0B0aC7483200EbefBa,USDC.E,COMP,30
295,0xA8DCe7394DC8F5E100AD4A41275Fcb698863C4EC,USDC.E,COMP,100
296,0x5bA6ee6458653B8D0E8b68a6627d0943178d22b9,USDT,COMP,30
297,0xfe26E463E3AD987a9A92C79511563cC9548D829F,DAI,CRV,30
298,0x547D00486Fa50f867795Cb082ad7886Bc7cA84BE,DAI,CRV,100
299,0xC8b31995a3CAfcfd505dFac209A3A82E9b39499D,LDO,CRV,30
300,0x1e6e8093932f96e27351Fa006c9A8599A864D630,OCEAN,CRV,100
301,0x31F263f819B08036aA76Ccb235Adc8e0405c3DF0,USDC,CRV,30
302,0xB2D3ae30C509dfa167030E982DEc13eFF44A0654,USDC,CRV,100
303,0xF3d14C9a2b633Ec49C148499e90E5D0d22cDcc6D,USDC.E,CRV,5
304,0x918Dbb2e10788e88F8E4dc5De8c77b61B8De11B2,USDC.E,CRV,30
305,0x012f107385370DAdE330Cc176F47Ea31a9a27b51,USDC.E,CRV,100
306,0x1442097733acf0a2b5c4Ab422F1C0186E95D52Ba,USDT,CRV,30
307,0xc0D49107C6BA24678dB73a37641B2F2a0455444D,USDT,CRV,100
308,0x66e7B5B1F2ce39250365874BD2F1896C372CF1Fc,USDT,CTSI,1
309,0x18447F172730FBb8f0C00F09535ca167C98f8443,USDT,CTSI,5
310,0x9204B1B834cF0ae92b0060fBFE78CE5325A4b0c0,USDT,CTSI,30
311,0xBd360b2e86Fa4321133A198206A586DDEC8A449e,USDT,CTSI,100
312,0x6dc5F7fe4716a9618714Ff82131A2C7Bd818279f,USDC,CTX,100
313,0x56224C49f52e21d972374003af6409C8a6fdEF40,USDC.E,CTX,100
314,0xBbD51D8fc750De753e183bDBF019AdAD39C189cc,GMX,DAI,30
315,0x25ccba1087142Aa333db02665974d7e379E35ed7,GMX,DAI,100
316,0x88e47cA3866309179fe715982b29961759Ae1C39,DAI,LDO,30
317,0x76D56579Aa6356d860DCf7f8028D9ffd2E3c90F3,LINK,DAI,30
318,0x65d8b3670cF4b2e8b3D96aBAeB8aA9Ab4f705A33,LQTY,DAI,30
319,0x4e7a8b5a3C7A5Fd8729F042cB42240790ECA98de,DAI,LRC,30
320,0x3c219244a8C3db887bfB8b6afac741ae26d285d4,DAI,LUSD,5
321,0x86748A5a9fd7c10F4e41A0712b17e0F88d3Bd110,DAI,LUSD,100
322,0xfc744e286D76449b782Db251643335aE5B2a9e2F,DAI,MATIC,30
323,0x7FF0C3c09592D189E3974dc7F069809AFD841594,DAI,MKR,30
324,0x4922DA6996D78Fc3E267D933DeB26A673c965Bfd,DAI,MKR,100
325,0xfdd3a91B638d25341AB175545E0129Ac26E46Ccf,DAI,OCEAN,5
326,0xcd6d95d18611c089996dcE073De1790666ddAd1f,DAI,RAI,5
327,0x4237DfDc7517575284fcd47aF138918D685aEf92,DAI,SNX,30
328,0x1b58914037F004a30C2620EA181D811225897F4b,DAI,SNX,100
329,0x088aB6cDc32570f60fd58c8B0A86fa62e1B34f94,DAI,SOCKS,30
330,0xe3F3F81034c4997cA4462e150Cf38b7761296C35,DAI,SPELL,5
331,0x54755AE39aD3bB842212AbcBa8DC8DD6C06A98fF,DAI,SUSHI,100
332,0x8E3d89dc3CD1252a4d50d6d4a42a1F10f1D1922A,UNI,DAI,5
333,0x6BB6D067Ad36B86Cc2ec784776C4a97b5e76085E,UNI,DAI,30
334,0x89D8A50a1649b2111bDB81b1BD955761cadf99AC,UNI,DAI,100
335,0x7CF803e8d82A50504180f417B8bC7a493C0a0503,DAI,USDC,1
336,0x9264e764e6D5D252a5c17C457C9Bb059b8831Bb1,DAI,USDC,5
337,0xbFf936a43e6Fe6F891789bE66043BcC8eFfee938,DAI,USDC,100
338,0xF0428617433652c9dc6D1093A42AdFbF30D29f74,USDC.E,DAI,1
339,0xd37Af656Abf91c7f548FfFC0133175b5e4d3d5e6,USDC.E,DAI,5
340,0x0A5f3C8633B0abe29d229db1f730eD46a60DceD2,USDC.E,DAI,30
341,0x63675e1973901dA9b2F9134f1369AA0022b03369,USDC.E,DAI,100
342,0x7f580f8A02b759C350E6b8340e7c2d4b8162b6a9,USDT,DAI,1
343,0x6387b0D5853184645cC9a77D6Db133355d2eb4E4,USDT,DAI,5
344,0x6d78117425E49562Eda06aa1db5f0dcf78c2E56F,USDT,DAI,30
345,0x742e6Ca176067F57b79bE9f42E0DF7cb94521e16,USDT,DAI,100
346,0x46c47c8dAABCA3e15Bf238cdA365894046BaFa23,DAI,WBTC,30
347,0x2C089ee1080B091fB3B73Df94f7840B33FbCa020,DAI,WBTC,100
348,0xB54d8df76faCe4D99899E810aa25599527d9b1E5,DAI,WOO,100
349,0xCBAB2fd68Cf520Aa42Fc3cb75581Afb8B0FcA144,DAI,RDNT,30
350,0x74C1f85e5429Ea828BEDb2Bb90ddbe2cb1c0fb31,DAI,MAGIC,30
351,0x7871ee54FB3Bd74dDFd241700B83E8C8dbBe16e5,DAI,MAGIC,100
352,0x7e0A449B07703f34aC33A36bb450F42a159494E6,AGEUR,DAI,5
353,0x480b247c62E87fcf3c82A88f6dD4F9c61B474eBF,DAI,GNS,30
354,0x4d2fE06Fd1c4368042B926D082484D2E3cC8F3F5,DAI,GNS,100
355,0xBd0AE3c1ED6ef519AEf82D0F68A9b05B04bB2A75,DAI,VELA,100
356,0x523863fFFCd298900a5962b939fD5431da1f28dA,DAI,BIFI,100
357,0x3a1a881Be8c93E55028B31d3acb1cba5131A1068,USDC.E,DYDX,100
358,0x89dAdB6f9272b5a31efe8933E00243B0C549aE95,USDC.E,ENS,30
359,0x434E1Ee2675919d58BFDB76E074f0335c5bE0EB9,ENS,USDT,30
360,0x984D124DfC06B5Ac7A32091bBf6dfeD931C47269,USDC.E,EUROC,5
361,0xa5F7F0126001cE70471eb0E613E3C2691D32A226,USDT,FIS,5
362,0xB8a08d8Aa1ADe63Ab1Ec4dee9544aA3DA2D5F4D5,GMX,FXS,100
363,0x645E937E80EfBA182cD035d4ab650B14e5639876,USDC.E,FXS,30
364,0x69f9c2E485239eC4f0E65f4787b0cdDFa183D360,USDC.E,GALA,30
365,0x723cd249382C4505E4e57FeDB2AA30a65834A5a2,GMX,LDO,100
366,0x943c4EEb11ae6761350ebaD80Ef3FBa321BE3fc2,GMX,LINK,30
367,0xd202696C7d871175Bc235104b57889171a41CF92,GMX,LINK,100
368,0x6CC4a2B68d926621e66EB4301125385136B45FaB,GMX,LPT,30
369,0xb33672aD75F2950c82FE3D9a4a3a2D511e45A388,GMX,LUSD,100
370,0xF104bCCbd9fA7F72caC1274C1360C46Aa57D03a2,GMX,SUSHI,100
371,0xFAcE98e59Bce3b16d11DD78b6BdFe13499B208b5,GMX,UNI,100
372,0xb0f4DF6389d6A8cD3cc66E8B185a95F3A504AF70,GMX,USDC,5
373,0x135E49cC315fED87F989e072ee11132686CF84F3,GMX,USDC,30
374,0x0A36952Fb8C8dc6daeFB2fADb07C5212f560880e,GMX,USDC,100
375,0xea263b98314369F2245C7B7e6A9F72E25cB8cDeD,USDC.E,GMX,5
376,0xBed2589feFAE17d62A8a4FdAC92fa5895cAe90d2,USDC.E,GMX,30
377,0x2039f8c9cd32Ba9cD2Ea7e575d5B1ABeA93f7527,USDC.E,GMX,100
378,0x5054383d775B13E89BC485c690D537FCb437a449,USDT,GMX,5
379,0x9e91dD7e538A7424841902a14FBE42eBF99e9a7E,USDT,GMX,30
380,0xC26064c6768215cD1c54b17a5525387a36176173,USDT,GMX,100
381,0xA6856114F06e5bc6f4932F9F10cA36D4E60DFE48,GMX,WBTC,5
382,0x671bfA077667EcCf6aA8acDbe53f92ECBa96Ddf3,GMX,WBTC,30
383,0x385B4B453EA691A62442aC25aA15cAadd6D20915,GMX,WBTC,100
384,0xcC27842B6c40674207AFB97fd0D8d32Be2f5f6c5,GMX,RDNT,30
385,0x784cFED9117BCbB976ADbB43C2cEa3c49D76dBa3,GMX,RDNT,100
386,0x0B0a06fa34F3077B7BAffe424eFc35BAC645Feb8,GMX,MAGIC,100
387,0xb0770678831Def6d51616270E437FdBb90f46959,GMX,PENDLE,30
388,0x1D6394f013ef1f9d98C5d9C1E56e10cE33ccd5d1,GMX,GNS,5
389,0x00c3a1C542EC29457286357143153cd1110E02b3,GMX,GNS,30
390,0x3884312C7711e857dEA4278883cF91A042cE03Df,GMX,GNS,100
391,0x3B2B4ba6b8AF4a76F9a6527a26DEd66975FD0769,GMX,GRAIL,30
392,0xB8eaFc4Ad4db6FAea414C85b4cDc02FEe3dD1fA1,GMX,GRAIL,100
393,0x251ED3f2454BD226619C2Ba68fc4c892011B0977,USDC.E,GNO,100
394,0x7729378096b4cd1c021c8694c4df2c45415D2644,USDC.E,GRT,30
395,0xe1b6E0D1654f74E981AF612CB543294b448D4F5f,USDC.E,GRT,100
396,0x54B7FE035ac57892D68CbA53dbB5156ce79058d6,USDC.E,GYEN,5
397,0x4a5f91D8C7d8874b52AcEb2A41b9463767004Aa5,USDT,IMX,100
398,0x15C503dE090efe8187977BFD588Cae62ed35b1cD,USDC,LDO,5
399,0xbc4D874430834e90a4C9BaEb3dB470CACB0dCce2,USDC,LDO,30
400,0xdE60b03240FA1156829B7d221D189C7B007cB433,USDC,LDO,100
401,0x0A457f1Bf8373401ED5312090124FA6EB2723403,USDC.E,LDO,30
402,0x90D2FB08af9E9323D7cBd364181Bda1e7D3c2c2f,USDC.E,LDO,100
403,0x62787bF06379DD108528F73b7aba3A2A6bdEe7f7,USDT,LDO,5
404,0x657B6d011DD77AFeCbB9447CaacA25CB23E1AcA5,USDT,LDO,30
405,0xa581ECB72d748d93EdAAA60d886000c8653288cb,USDT,LDO,100
406,0x8E0C09A8E1Cfb38dF7a46483aDF9Cd418a0da078,KNC,LDO,30
407,0x9946eB8fc8c75E64bdeB80EB1e569cFb35ff3E35,LINK,LPT,1
408,0x01adC95fc765011500c6608dfa46cDf06E441392,LINK,LPT,30
409,0xF14cbEcb88e90DB77a70a552FA67DBE52Ae55D2F,LINK,LPT,100
410,0x7b26812B047F5521fb38fae12e367aC61F17a136,LINK,MATIC,5
411,0xE96Fae40bd1A6F94065887262E935Be483021f14,LINK,MATIC,30
412,0xe989C51D3e0904Abf091f2140f6E3454d9aDCe94,LINK,MATIC,100
413,0xb6b401cAB89cDaA4AD850BD952aeFF5d14047ea7,LINK,OCEAN,100
414,0x6d4Ab78B1c759E7e1f2e4062E197b3a98f5ab0A0,LINK,PEPE,100
415,0x39635c54A81e122dcb0048c1239580CDeb95Bb51,LINK,SPELL,5
416,0x8d68772AF387a003Cc74f993822B3B7F082c23bc,UNI,LINK,30
417,0xEd701Ba0cec723d85B7d96c80C21148E49D2Bf05,UNI,LINK,100
418,0x655C1607F8c2E73D5b4ddAbCe9Ba8792b87592B6,LINK,USDC,5
419,0xbBe36e6f0331C6a36AB44Bc8421E28E1a1871C1e,LINK,USDC,30
420,0x338a8064142B09D4776B1F5f082890D905b508eb,LINK,USDC,100
421,0xC021D8012985C2781ca25C84103a8681D4E16ACb,USDC.E,LINK,5
422,0xDD092f5Dce127961AF6ebE975978c084C935Bcc8,USDC.E,LINK,30
423,0x25e472841483c62d8B0e24b89dC87e996E5b391B,USDC.E,LINK,100
424,0x5cac50b7171aCEf26803e2768d6db262A5dE0715,USDT,LINK,5
425,0x32A5746bA6826828716Cc1A394bC33301eBC7656,USDT,LINK,30
426,0x5368C486222552Bdbe57A26Ce260B13Ce47b3211,USDT,LINK,100
427,0x9A0BD7fE806E4A11A91F1f3ccf473Dc6eF0C2268,LINK,WBTC,5
428,0xa79fD76cA2b24631Ec3151f10c0660a30Bc946E7,LINK,WBTC,30
429,0xD298dc1cDD537eb2aAbEA148720f7EBA2f74aBF7,LINK,RDNT,100
430,0x0EB9Dc72D4B483256d6f1aC2579B675a89104845,LINK,MAGIC,100
431,0x05cf80699d9912B8b81C2C777e6612BB3452F0F2,LINK,GNS,30
432,0xb563eb9B2AEF445bA2C16487bbc2132A9Be55d46,LINK,GNS,100
433,0x71c5dDBe697F72507d2b0028B095b842a98f2E0b,LINK,SPA,100
434,0x7Ba2Baf6D7078F1D0Ea0bd5CB0210a9d3E3787E0,SPELL,LPT,30
435,0x9B78c8F5B6777d9c1D3a2128530B68202D173CA2,SPELL,LPT,100
436,0xc4215cbED764D323AED0a54595dA9F0094e22D15,SUSHI,LPT,30
437,0x2c697cf3f9F6e14c9d79BE5Ba2c34b6305e3C32e,USDC,LPT,100
438,0x78D794308136421778391C97FA2815F3a033D7C4,USDC.E,LPT,30
439,0x260D6D6c3eA3DaF5D53442FC375054A3b023d38B,USDC.E,LPT,100
440,0x81Ba905FBdD3c3B6c568739F3418F7BA86fAaFCC,USDT,LPT,30
441,0xf09f4bEE6D361DF1Aec761969f5113Dd9E863257,MAGIC,LPT,5
442,0xf8C81E9ED83d758f684339dC020cf5f6b09c4813,LQTY,LUSD,5
443,0x80F37B760072bA97903cCef1f343e55cc6205dc4,LQTY,LUSD,30
444,0x7cdEF2E71012Be1f13959c06fE1B71bB1C54ea3C,LQTY,LUSD,100
445,0x68356DF4C4b54a5A8717bcd961Be5b0588aA079D,USDC.E,LQTY,100
446,0xfD6F784a23F78fD4cE5FCA4cC1e0Ae4108548Cd1,USDC.E,LRC,100
447,0xbFFE9cE360E3EE69DeE03080EF077e59A0940fd2,USDT,LRC,30
448,0xa14be44DF3441152740317e3ABDFB942C9695dE7,RAI,LUSD,5
449,0xDF2DbeA40362F03F9df8577167aEdA8Aa7B8Cd10,USDC,LUSD,1
450,0x3D18C836Be1674e8eCc6906224c3e871A1b3a13f,USDC,LUSD,5
451,0x494a11a9cC9c7232B4B93E729aee7b8Ab23d2f20,USDC.E,LUSD,1
452,0x1557fdFDa61F135BaF1A1682eebAa086a0fcaB6e,USDC.E,LUSD,5
453,0xCA5b478045B8148FB64AfB5Ce8f9f617D791a8d6,USDC.E,LUSD,30
454,0x2f4B6bB749179312Afbd66e022fe90032fF7d49C,USDT,LUSD,1
455,0xfAB208446489bC1808Ba0Ad6939aB5F84ca6B99d,USDT,LUSD,30
456,0x717bAFFD56b13F6359dDC0D8BeC4c2BA69352856,USDT,LUSD,100
457,0xEbdFfdFaBc0c9723d24Df3A8304467BAC9C0ce42,LUSD,GNS,100
458,0xfd526a2e6B2E04B381b672DD64684b9c272Aa333,UNI,MATIC,1
459,0x221b791D5Fb5069F9833cCa2f9dfa8E2CDE0bbDF,USDC,MATIC,5
460,0x5e5c6e0e6AB7E875abEdEF7b17b3d98a771c2061,USDC,MATIC,30
461,0xFe08388D651F4eec53707554B1710C3aB37A9B36,USDC,MATIC,100
462,0xec027da2CE5F6160D4333ea96D1240763E2F2ead,USDC.E,MATIC,5
463,0xDCD89a33eDe6b2985F27b8Ec3a4F72584B2303f7,USDC.E,MATIC,30
464,0x3cF4Eac5A66c97855aAb65cac526E66d9eEaefb7,USDC.E,MATIC,100
465,0x997Ba1B0E4117505877Ab6F56A424e62E87A52e5,USDT,MATIC,1
466,0x082E09f606DD2F883B18D5869233844D9103c582,USDT,MATIC,5
467,0x866fB632f2f7c151Aa634029a3829a24f4951854,USDT,MATIC,30
468,0x4cAd32144A63E67f5F18c35dd72b6b7E7D580C25,USDT,MATIC,100
469,0xAEb1D7B768ccDE874f4c106Fa3c7d3f1fd832330,MATIC,WBTC,30
470,0x6fAF2e9D66EC6Ec1ec1BFd521A70A6FFE507a7D6,MATIC,RDNT,1
471,0x94Eaff520140F6bbfEc1D50EB7BA92508Aec14E0,MATIC,MAGIC,30
472,0xee8026118b899C61A6dDaC011478b587641De567,MATIC,PENDLE,100
473,0x7872a2e68320eBeB58046Bc2BD58274635fBB783,MATIC,GNS,30
474,0x5f4951324B998a2137DB656E998d5EE82799dc01,MATIC,GNS,100
475,0x2529154d5d28865a242dF29901caa5c262e41002,USDC.E,MKR,30
476,0x87Af3400f5114f34Fe002173f9AB249f3183Cd57,USDC.E,MKR,100
477,0x55b325563Be9F2Cd906aB42D3860848183fd7577,USDC,MXC,30
478,0x157a697094d4226fCB1E76765791eB17AA44Adcc,USDC,OCEAN,30
479,0xDea4cE49a3dffF7B1F62766c0E167745D1a309Ea,USDC.E,OCEAN,100
480,0xF6d136e3b376cf3F2Ffa141EC88cC3c178965E65,USDC.E,PAXG,30
481,0x3358d08Ae7D204DAdD2C86BC2001e970cd9dCC32,USDC.E,PAXG,100
482,0x700D73a7a7Ec1FfE48d8698C7C778ca49E710Add,PAXG,USDT,100
483,0x29046f8f9E7623a6A21Cc8c3CC2a2121aE855b8d,PAXG,WBTC,30
484,0x73e0Fd4621b58f2b5C2E73e682b7A8b1fA79f044,USDC,PEPE,100
485,0x81067853b3B03d998aB5eEbd77937a664fDdB5fe,USDC.E,PEPE,100
486,0xE825e915dC46413704a9F88459ba5188fEB7A630,USDT,PEPE,30
487,0xDCBCB123984d169dD30995d462be16E2D3e4677c,USDT,PEPE,100
488,0x47D96F14bA530409eDbCA7471cdE7A0bC95089f3,PEPE,WBTC,100
489,0xb44C94c5A023E6BaF99ab1F3Ba384b1b45714876,USDT,POND,100
490,0x0d01653333f7124E34c96C7C3C1CDaB8B0F73a6e,USDC.E,RAI,5
491,0xF62CeC673F5C85f8Dd2077D9aE9DA810713979a2,USDC.E,RGT,30
492,0xe516f010A540BC268De6C65cF5526666B08C7180,USDC.E,RNDR,30
493,0xBd371cED1edfe655f39f265657853166Fbc7B2Ad,SNX,USDC,100
494,0x13F39D6381409c935DEe9C67298BB4A4fd096466,SUSHI,SPELL,30
495,0xA66A08e3Ef8DDFF05386c8FD1302e94dA520F0DF,USDC.E,SPELL,5
496,0x1228bE99D1feC80dAe796dE6186d62E9FcDce360,USDC.E,SPELL,30
497,0x2e96fbd4E2967d19fD5DFbcae592182F2cCfE282,USDC.E,SPELL,100
498,0x61975Bce2af824cCF9603AC2C3F984cfF5d2d64f,USDT,SPELL,30
499,0x6d5EA2BDebc8d08EB1f6646089c10451074640C4,MAGIC,SPELL,5
500,0x40cFdeed5a7D84171E077bea5023d2E100c2042D,MAGIC,SPELL,30
501,0x9172614b90D1Fb3A3099c36B9651733f239f7481,SPA,SPELL,100
502,0x8C5c5331E92E44f3E0860e4822b250aa139F2058,UNI,SUSHI,30
503,0x3ab8A8c044FdCF26e91a681A3B9A1F147d7566A7,SUSHI,USDC,100
504,0x1526f8391c986ddb94E21Fb9a289036F35710e2B,USDC.E,SUSHI,5
505,0xce8f9E86272Cf1F81c90f8457c79DFEbF270C6Ad,USDC.E,SUSHI,30
506,0xd8737716902865Cf82978D5112A4741b3e4B90EF,USDC.E,SUSHI,100
507,0x5b7B2abb67Ac59AC51ce32362cf59C7D33904d2c,USDT,SUSHI,30
508,0x71A3AEe934cd8495A59030731F41d67dF89Aabb8,USDT,SUSHI,100
509,0x90fbEA17F533Bee1240D33218CeD209d942189ff,SUSHI,WBTC,100
510,0xF90bfF6338266090b0c1C49d3819a0F0125f96dC,USDC.E,T,30
511,0x3c7cdec31241f8F842ea526ab918b598b86469A2,TBTC,WBTC,5
512,0xeaf86d2b37dbED7EBeBd9f4A2728A87f083a6C43,UNI,USDC,5
513,0x05477c22a5349ceE601500Da0489daD137fd6BfA,UNI,USDC,30
514,0x0d94947374cbc779a0FB4D1bfF795C0Af6Dfae25,UNI,USDC,100
515,0x89ecffd523A4a3cd7852BC0733f0a97Ff9018533,USDC.E,UNI,5
516,0x2dfBbc8C9405c70cA0f81944332841663D2333B1,USDC.E,UNI,30
517,0xCe17FE67076aC68665a34ad01acfd73f581A1336,USDC.E,UNI,100
518,0x3B2EaFcE2B05341a0BEe6a3569b5F769aFb3042F,USDT,UNI,5
519,0xD97c8EE1C1e47f50A66E69d5aD155f882E38b0e5,USDT,UNI,30
520,0x79bE9c58825018B8d26e450806C497C9bebE4e8d,USDT,UNI,100
521,0x9e03944Fe1352047427B0696Cc013bfa41715E95,UNI,YFI,100
522,0x858645a4745901D3F44446a34968eb545AdBAD63,UNI,GNS,30
523,0xFB577a095F84e90a1b2E0C9a92295dBA2C016F8F,UNI,SPA,100
524,0x8e295789c9465487074a65b1ae9Ce0351172393f,USDC.E,USDC,1
525,0xA9E9CB16E922892Aa563a5aDb0f7D976EFCe36FB,USDC.E,USDC,5
526,0xD2D3B78fEf22406696EF9E7fE9BbEcf98802690d,USDC.E,USDC,30
527,0x41Bcf70432c90bA007FaaB2d3ac4A4A615b6bba3,USDC.E,USDC,100
528,0xbE3aD6a5669Dc0B8b12FeBC03608860C31E2eef6,USDT,USDC,1
529,0xbcE73c2e5A623054B0e8e2428E956f4b9d0412a5,USDT,USDC,5
530,0x9957ab69651EfE39b17c778e1435258F6A2cd314,USDT,USDC,30
531,0x0E4831319A50228B9e450861297aB92dee15B44F,USDC,WBTC,5
532,0x6985cb98CE393FCE8d6272127F39013f61e36166,USDC,WBTC,30
533,0x719826896832C9DeAA868272f2dD55CF1e5Ca3e7,USDC,WBTC,100
534,0x1B4AEC3617c2A70CF34d0b17eAF2bA0C2036A661,USDC,RDNT,5
535,0x3434A228AAb9D0D794203256514964B2bE94fCc0,USDC,RDNT,30
536,0xD8d1DAb77D3e89B17EC1f6B882a81F4Fb12986CE,USDC,RDNT,100
537,0xd8f9F34579E586F8B2b192412d2B67aFA23f6339,USDC,MAGIC,30
538,0x76867321EbaBE4D625bDbC3FF58Ca0DCCE1CA66f,USDC,MAGIC,100
539,0xc6aF8e73e2261264eF95466B97B13e03Bd88165e,USDC,PENDLE,30
540,0x3622D2E9ab0025621aB3C8cfEbDbD27bc02A8d1e,USDC,PENDLE,100
541,0x9BeED2F21456949a4529501711e92702E8562f94,AGEUR,USDC,5
542,0x15AA68fA20cdb0F6F23056e1E8f4312083e14181,AGEUR,USDC,30
543,0xaA9e653252ED9e87a9bD545B974eFBFB2f389F3F,USDC,GNS,5
544,0xa394070a679BeF332d288bA5B0c04D5F43C6B186,USDC,GNS,30
545,0x28a97E7a33b5e253024736615ED5f44E12b3e5f5,USDC,GNS,100
546,0x238Cf69eB4594f8967D2627Ee2A3eb02Ab7c8cc3,USDC,HMX,5
547,0x4F07500e9cd09e48458376c83b8143BCBB8815F5,USDC,HMX,30
548,0x18d8f4cFE249748B1E18f09D512219e610F357A1,USDC,HMX,100
549,0xb71EC5Ca2ad4bD4eacFad8E2Db5e87658eA104ae,USDC,FUC,30
550,0x3A6f20227632E6cED3d5f7dB520572603CAe93ef,USDC,FUC,100
551,0x6B247204f62375f15eD8197a40A7AC648Bd9bF8C,USDC,HDN,100
552,0x4BBAc3BbE0545f1Ef3214Af9B5dd842c7CaB8846,USDC,MCB,30
553,0x45bBdb1CEf5Dda5B1b2330B4E63ca3fB0Efa94bf,USDC,MCB,100
554,0xdFCC80CBe154Fc8ffe4349CA70DDA327a2e9de97,USDC,PREMIA,30
555,0xa8CAf1f4B455483A379DB09Deca9d295108484FA,USDC,ARCHI,1
556,0x5A4c70EbFaf48dcDAec298F20732736122ec957d,USDC,ARCHI,5
557,0x43889d3aAFdc5355DdB33C9D89996Be338b29c45,USDC,ARCHI,30
558,0x4c782a34E2b3Cf5501E5EDEE577df4AF1C8D2e04,USDC,ARCHI,100
559,0x91E417CB7C5ED117d12ea527F0A2EF0DAdb2fB29,KNC,USDC,100
560,0x8F77Dc73dc5e22829A789abb8df1e9F6CF52C1BC,USDC,VELA,30
561,0xf035Ef63Cf74E01c45Fa6Db4e24dA52cC886e218,USDC,VELA,100
562,0x421E669f70d1F9d1301726E2eFAEA1cf77Da16d6,USDC,HEGIC,1
563,0x737Ff7286bdffa6E2876d814D8743B83101dA0bB,USDC,HEGIC,100
564,0x2e83275fffd39BeFD271fCfeacab100c16d3c650,USDC,SPA,100
565,0x723f191b906638cE7B4bDeeF605F1106f97a64FA,LVL,USDC,5
566,0x8942733c1c8b915e0630Afa5bfAA2C8aeEc2EFC4,LVL,USDC,30
567,0xfbFe7B0bD38500b4b1A5d94E2e99D01D25db8F8f,LVL,USDC,100
568,0x8c9D230D45d6CfeE39a6680Fb7CB7E8DE7Ea8E71,USDC.E,USDT,1
569,0x13398E27a21Be1218b6900cbEDF677571df42A48,USDC.E,USDT,5
570,0x4d7cE479Ce0993E1aB98C15ceE6d8F33926871da,USDC.E,USDT,30
571,0xDCCa64e393ec2D5740bC3A021482F96089E9c59b,USDC.E,USDT,100
572,0x09112f3863345D03fcF292e213Dca8F62Aa6514a,USDC.E,WBTC,1
573,0xac70bD92F89e6739B3a08Db9B6081a923912f73D,USDC.E,WBTC,5
574,0xA62aD78825E3a55A77823F00Fe0050F567c1e4EE,USDC.E,WBTC,30
575,0x83450968eC7606F98Df1C170f8C922d55A13f236,USDC.E,WBTC,100
576,0x24309dd578eE0f764622954fa0F08722Ba7b76E6,USDC.E,WOO,30
577,0xbFd6F7f0284b23B37F1a625e1e9FfF360Cd4Bc1F,USDC.E,WOO,100
578,0x0CEB678673C7e83204Cab38F1f62C0Cee6deF203,USDC.E,YFI,100
579,0xa4FA0dd3f2D169AD06E3379E3edE6e33caD9BB05,USDC.E,RDNT,5
580,0xCa35261E797ce400Dcdf73E496B3b2D9762FFe7f,USDC.E,RDNT,30
581,0xB8271188967be1D66bAa122b6B1D6205D5D0096f,USDC.E,RDNT,100
582,0xa82b4Fa56E7bF900cFF8fC82362DD488506634a7,USDC.E,MAGIC,5
583,0x626b9d80eBc0dEd0E92BA4061Fe70D3154BA6D2e,USDC.E,MAGIC,30
584,0x37516211fE11d49b84cb959631526E1F4E3fB86f,USDC.E,MAGIC,100
585,0x473ce9B930BFc8F3e932fA6EebD4C31260fCe48e,USDC.E,PENDLE,5
586,0x42d7C8302a746F98Ec74F0DbC95fC39B46C1abb6,USDC.E,PENDLE,30
587,0x3BD5872fFA24106A69d7986BEf76B23FE0DB76a4,USDC.E,PENDLE,100
588,0x4e422f20Dd40E36892Da0f3982d3a92b0Df6f0fD,USDC.E,AGEUR,1
589,0xE4D9FaDDd9bcA5D8393BeE915dC56E916AB94d27,USDC.E,AGEUR,5
590,0x90B985E16557BDf42668F7BDDacF911bb4Ce4dc6,USDC.E,AGEUR,30
591,0xbEa9949cE508A68dDEeE37cd8D29E2Ba0e35c728,USDC.E,GNS,5
592,0x267Fcf6cB04EDA3c997b7e49d8b7B95382b0eE7b,USDC.E,GNS,30
593,0x8D76e9c2bD1aDDE00A3DcDC315Fcb2774Cb3D1D6,USDC.E,GNS,100
594,0xE8a30EEd904e30f7f3d49109b8231a134cF480f7,USDC.E,HMX,100
595,0x3aD5c51279FCDE2f0771e687c7415EAe99B9594e,USDC.E,FUC,100
596,0xCB7A3a9E1A057744a60d8103eE66DD28A71c4d75,USDC.E,MCB,30
597,0xA1E8101079B39fB1b8719eEb9E026B4805cEd0bb,USDC.E,MCB,100
598,0x22Dc80d6E2575876112fd391cFB692D766B9ccfB,USDC.E,PREMIA,30
599,0xe304f2dc9C850b6DaFd8f355d9EB7aE40D5d7DA1,USDC.E,PREMIA,100
600,0x77d75716ea4c1558b8d7bb35aBaCbEf2DdcAEF7E,USDC.E,ARCHI,1
601,0xc12dFC16761Dca1e261792c7EA4fCd38df112419,USDC.E,ARCHI,30
602,0x5151c83ad4E1C8C4eA0D1eaF91c246a8C6DAB2A4,USDC.E,USDD,5
603,0x6aa17951c2230EAb76eeb1eD9775EAb8e605842B,USDC.E,KNC,30
604,0x82271F1E3f8aF6c4FfEd10F4a529400a2c26c397,USDC.E,KNC,100
605,0x679BEC9FaeEd1e775110969eEc53c90E2b12A3eC,USDC.E,JOE,5
606,0x98D82AecB163D300b224F60F138Ad4074CC80e79,USDC.E,JOE,30
607,0x3F4b104801f8B979B5448C05EAA39e0b1910dA4C,USDC.E,JOE,100
608,0xE69B43A4bdae21DA99b9F444Df33E05F60464a73,USDC.E,DODO,100
609,0xbc1d60600ebdd2bF4303392769b480E0aF2f35bF,USDC.E,VELA,5
610,0x03E84E63e1825Da1cA59574CAD76412af3406AD5,USDC.E,VELA,30
611,0x852bEC42f6078D4B1AF4703d2863E839eA5452c3,USDC.E,VELA,100
612,0x11536894433cC71e8AfAc32Ef629406bB8ae4cd5,USDC.E,GRAIL,5
613,0xAeF3c99b401B11d1368613D1FdC03048F8934517,USDC.E,GRAIL,30
614,0x9A4d078024CA4D757209e4f4459fE501558960Fc,USDC.E,GRAIL,100
615,0xe6da7350371508A7092058328463529a6b5328CE,USDC.E,LON,100
616,0xA12067B67c6A6C1C1D7C7D55266B76a476C27E70,USDC.E,HEGIC,1
617,0x49E28EF1926c58C804bc1A6f6D8ad38F03Df9Dd7,USDC.E,HEGIC,5
618,0x3516B184ca4878B745904f818B7CcdFE44F9a557,USDC.E,HEGIC,30
619,0xB0BFd9bA312D7cD031150751a1c63a672D722D59,USDC.E,HEGIC,100
620,0x0cee18a40d049f40E37f22873A6a3cfE2063AF26,USDC.E,SPA,5
621,0xd70F39f2EAEF32B006D667c4DB4D83f79f81B86E,USDC.E,SPA,30
622,0x7bb5E71Fab18FEBA077B28355f20F5643CEEcE28,USDC.E,SPA,100
623,0xd541D5fa4fFF9D8a14e073a54EF2d8a29D39F682,USDC.E,LVL,30
624,0x5e87cd0437aD33b4A038Ba58fC92F9d38c67Fc29,USDC.E,LVL,100
625,0x11dD0cb2B2e8F6b8fb786Fb4180D13877E2F31f3,USDT,WBTC,1
626,0x5969EFddE3cF5C0D9a88aE51E47d721096A97203,USDT,WBTC,5
627,0x53C6ca2597711Ca7a73b6921fAf4031EeDf71339,USDT,WBTC,30
628,0x67D3E181E6dcC47f977c3A4b33Ac65454b87b997,USDT,WBTC,100
629,0x2f30063741620688C3761AcaFAEb6D716C2D6b05,USDT,RDNT,5
630,0xa3C015bfc999779D55bb849F85CDff53b4B82b7D,USDT,RDNT,30
631,0x5C5a1b94D14BdCDA9Ba2E53394a9A5fB29A70939,USDT,RDNT,100
632,0x97830871Eefc7fb52892Ab578B42c17622dF8fd7,USDT,MAGIC,5
633,0x8D1eBf3A2d8819B6BeD7031810158D0458D3Ed35,USDT,MAGIC,30
634,0xBfD20A5eb05A6Df9cBf92A12d63bb0DaF6A4E166,USDT,MAGIC,100
635,0x33Be690a16C576c4348A5dB639344505a566ab73,USDT,PENDLE,5
636,0x50e7B9293aeF80c304234e86C84a01bE8401C530,USDT,PENDLE,30
637,0x7761b12602dd65353971455E1730a8D46f8b5A14,USDT,PENDLE,100
638,0xaD93c117f09Dc69a4ea3ca7E471579D3d3B3BC3A,USDT,AGEUR,5
639,0x58D77aa84dBFeb498d1f49489B958c6aC1b7bA40,USDT,AGEUR,30
640,0x6B748Ca0b21666869B0901335Df7EB7Bfb98FA3a,USDT,GNS,30
641,0x6d1A1e1a7E54640df657f25655DDe5BBD71947Ef,USDT,GNS,100
642,0x40e3dCfAb7d0D1eD9a2E257e14C61D6b26b95726,USDT,HMX,30
643,0x762E69A9765F062cBE079d1bEE0536a77ee15bAF,USDT,FUC,1
644,0xf808cfa67E9a63987CFb92C210d630F48eEc7c2B,USDT,FUC,5
645,0x903C3d8adF51E169599Bb5adb0d20BB4C48CB44C,USDT,FUC,30
646,0x39007024e17fd49F11382b597867fdA2F4A3EF15,USDT,FUC,100
647,0xc31755DA02618bf3FA447b0DCc5E6aA814CCcD1d,USDT,HDN,30
648,0x3AF95dc082f873F40b6316A6de785dA7bf8455eC,USDT,HDN,100
649,0xF0B2E2CEac83398272A76030dF248B998Bc8197B,USDT,MCB,30
650,0x30De1ea1461C563dF8596daE903A2af6f2303492,USDT,ARCHI,5
651,0x50b460c11aC241EBd0Fd2C07598572e1A301E5CF,USDT,ARCHI,30
652,0x6E60058cB342F77c010091A3310e84Eac2418528,USDT,JOE,30
653,0xee054469F34368D1d86fD9eeC5Da071F7D7333aF,USDT,VELA,30
654,0x22B84540a58a1d49ea0196162DD2800286Ad6340,USDT,VELA,100
655,0xB7d21aF9c756E5ACDa6acD1BC8A6aFb8137fD5Cf,USDT,GRAIL,1
656,0x5f20D3E6dB8A94BB8aE73ba91B389a878705c81B,USDT,GRAIL,30
657,0xC586B29b246e42E88CCBd56a21f803665337A512,USDT,GRAIL,100
658,0x161593FED9b767B7495ac67c051502Fd022dc962,USDT,BIFI,100
659,0x59561a1B0Bd8c495836cBca08d2F15e1948BcdAd,USDT,LON,30
660,0x1284df89284492c08011e380db86462F6D17eAa8,USDT,HEGIC,1
661,0x1a56a1BEAd8a70285b70004944D461A5Afc849fF,USDT,HEGIC,5
662,0x0B661734a8aE43dc3Ad78F50722F7558f0944532,USDT,HEGIC,30
663,0xfB2C60136F3a7a025195DA953f602507cF560256,USDT,SPA,30
664,0x4fe0DC236AecbA3423e68D1e580e627E14E4f1E5,USDT,LVL,30
665,0xCEa1a9A8C7D334102282C0BD56379a1E74845984,USDT,LVL,100
666,0x9Ac5E8CA511286723F3490821e5100b3BC258B8E,USDT,MGP,1
667,0xE41D0dd174cAaf3Fc0ACdE23f23119f42F45a3c5,RDNT,WBTC,100
668,0xdd8493C3e137714af3a33005fE138cb1B67DB634,MAGIC,WBTC,100
669,0x4670f190253b05dE7962e5fF388282AB79212Bf1,WBTC,PENDLE,30
670,0xc5fd74794561E0998E323AB55B90b1cb90BA6145,AGEUR,WBTC,5
671,0xFab696C0371Ff9f24386ceEdc5F1ACB4C6025A05,AGEUR,WBTC,30
672,0x1192384cd041ae6e53Aa43d07af383E01951e23e,WBTC,GNS,30
673,0x64165914ca8FC1190f9D03179550fb7ba9457071,WBTC,GNS,100
674,0x10Ec405Fa42233e39Dc9719DE49a6bf69A4912fA,WBTC,FUC,100
675,0xf795923161Ac4aD98beBC06EeF420EDb183F31b0,HEGIC,WBTC,1
676,0xE0fEa9636947810D6f518847F128C2138B9E8f3b,MAGIC,RDNT,100
677,0xCC6091E92Bc402C057975caF02f08b430176911b,RDNT,PENDLE,30
678,0x12520cf9f58e8De0EB736b1d08cA02DE1f226962,RDNT,PENDLE,100
679,0xbc0246AF68027f3386eE7c75B2F6022115977036,RDNT,GNS,100
680,0x98904137f468d2aE4a49A17a648FC5316b99AB63,MCB,RDNT,30
681,0x30F1F2944D521A9431233FF03A5a7c166EC99F87,RDNT,VELA,100
682,0x8a216504a7d3D6499d9111383622C30d9E83a166,MAGIC,GNS,100
683,0x1Ed83f3De1E86Cf32cF672B4bD16E8b6432634A7,MAGIC,GRAIL,100
684,0xa209c21a6905D83ea0AA30a869deECF10A1F1323,SPA,MAGIC,5
685,0x81E8e15839cFE4d3E17659E277Ef0888eA44c346,PENDLE,VELA,30
686,0xdE45fbA7ed8aE73288b55F8975F7d70eB5E636F3,SPA,PREMIA,100
